Name,SAP_pos_CDRH1,SAP_pos_CDRH2,SAP_pos_CDRH3,SAP_pos_CDRL1,SAP_pos_CDRL2,SAP_pos_CDRL3,SAP_pos_CDR,SAP_pos_Hv,SAP_pos_Lv,SAP_pos_Fv,SCM_neg_CDRH1,SCM_neg_CDRH2,SCM_neg_CDRH3,SCM_neg_CDRL1,SCM_neg_CDRL2,SCM_neg_CDRL3,SCM_neg_CDR,SCM_neg_Hv,SCM_neg_Lv,SCM_neg_Fv,SCM_pos_CDRH1,SCM_pos_CDRH2,SCM_pos_CDRH3,SCM_pos_CDRL1,SCM_pos_CDRL2,SCM_pos_CDRL3,SCM_pos_CDR,SCM_pos_Hv,SCM_pos_Lv,SCM_pos_Fv
mAb1,2.1347826,2.5242453,14.445071,1.9047399,3.5893512,3.172182,27.496794,58.41765,30.51765,89.328285,166.79822,62.519142,61.631935,18.17408,6.928168,106.42368,430.53708,817.64294,362.91452,1185.106,3.1831818,19.583357,29.513483,116.7695,41.75936,55.548267,263.83893,907.11304,1219.4445,2109.0886
mAb2,1.8445758,4.339117,8.942592,1.6139684,10.41794,9.945271,38.409042,58.486862,44.568775,102.91888,40.57943,11.843777,-2.791102,93.957275,18.048811,64.04168,230.51192,309.73404,431.9114,744.70886,27.889265,22.455563,154.7043,23.503654,37.77193,90.647194,360.76157,1224.5613,1132.7552,2335.6865
mAb3,2.8094246,1.7460959,20.808647,0.6179707,3.460975,5.0317817,34.877113,63.38225,44.27419,109.14018,14.201936,18.34839,96.313,67.60198,60.7025,118.451904,373.8946,414.1727,574.8417,984.5809,71.39998,29.845194,41.844185,37.094913,39.442978,22.183475,246.88051,1165.5977,830.0642,1963.7849
mAb4,3.1396668,0.30068728,26.26099,1.8631883,0.18800166,6.295355,38.342857,73.46613,38.451836,111.44732,41.60594,8.537543,116.76775,80.42086,29.27232,86.557076,374.74698,478.63776,471.96207,945.64636,27.552292,11.260792,56.283066,13.800642,66.96467,50.259052,225.27002,993.9152,1097.4565,2073.5002
mAb5,2.4890594,0.11188222,15.967413,2.5538483,0.5648268,1.8484547,23.765207,61.603027,33.180843,95.31631,31.304653,11.216442,64.52462,19.48938,6.1308045,37.963055,166.93242,375.52975,281.16403,648.29834,42.20831,10.151648,77.493065,142.88408,81.86649,61.183517,415.96048,1010.6288,1221.2349,2209.0693
mAb6,9.645024,2.2655606,23.064241,6.4641986,0.9875251,8.052277,49.34542,61.487507,48.577274,109.81341,24.588537,24.485287,51.266453,67.45537,21.79643,65.4904,269.41733,353.16406,412.5841,774.3301,45.50166,18.139217,136.5931,18.756721,71.84088,66.38673,359.8916,1329.421,1113.3817,2426.3936
mAb7,8.222817,2.8380492,11.414651,4.3154106,2.673587,5.9085646,36.578148,50.778774,44.486637,97.569046,31.339167,12.853219,25.414717,30.049282,35.91859,49.305992,183.0622,471.72537,471.3812,945.1496,52.31182,74.92362,82.05307,72.28048,45.87951,88.02395,428.91635,1007.11115,848.1045,1808.066
mAb8,4.424239,2.0959723,16.019022,2.5232468,7.3551273,1.797327,34.04643,60.678223,34.210297,94.26664,34.3429,62.568203,25.92929,215.24684,42.78774,142.4051,539.78546,457.10522,687.3609,1132.8597,51.687237,-3.7956429,91.028336,14.377379,23.035267,32.922684,198.84035,1157.9403,944.08325,2085.387
mAb9,1.4282193,3.449205,5.459098,2.133244,2.771093,8.270716,23.198622,45.440292,37.31696,83.3781,45.939148,32.132042,101.604996,234.77277,74.69562,105.008736,602.0872,462.23587,800.04114,1255.9468,15.4072485,8.21823,46.5403,8.14966,17.474276,35.439575,130.61552,1107.6022,954.6623,2039.4752
mAb10,2.3419852,0.19696772,10.534814,4.143441,6.5289683,15.280798,40.839794,55.972923,49.084797,105.10944,69.153015,26.291447,85.431404,112.33797,6.0923676,109.64724,424.32498,463.4053,494.7304,961.93134,25.994398,14.516958,26.370356,19.893885,69.95531,26.277246,174.26102,1044.725,1139.7919,2159.2866
mAb11,3.0509372,9.065768,5.5949492,1.3000724,4.010072,6.8620152,30.163914,55.92456,34.403553,91.44134,25.827526,5.784223,24.589336,137.598,6.935114,80.628494,289.4195,244.27812,492.53375,731.8771,46.803642,44.563057,90.80064,29.547958,120.15986,28.398201,362.14133,1422.7878,1272.1238,2652.4404
mAb12,2.809752,0.26522338,11.760819,5.934891,2.9630022,2.8184702,27.30659,51.97335,51.45332,102.8848,59.364006,125.38155,204.04001,45.66269,12.786824,49.65672,509.1002,836.1095,288.56717,1133.8685,30.36503,-3.8223288,4.0269504,147.94406,50.612793,64.96199,289.1208,982.9514,1155.8961,2126.8452
mAb13,2.8351681,1.4580573,9.994059,2.1095355,3.5172813,3.2877371,23.88749,46.27349,35.81903,81.92189,7.3522234,32.60922,76.75684,22.374493,11.940752,45.796608,197.82166,430.93393,277.91763,706.5477,114.275505,21.517704,52.24807,111.76912,84.824715,86.854416,469.4821,1137.8215,1275.565,2417.0195
mAb14,2.735407,5.1894855,20.897768,1.7923603,7.73621,5.528136,44.52041,64.97303,39.673347,105.18013,47.626022,31.343225,102.82532,128.50014,8.714675,128.0211,467.5377,557.6676,546.5695,1114.4224,40.15576,22.129427,56.23565,58.70644,107.370605,25.12816,309.3604,1120.4498,1117.185,2210.2817
mAb15,2.7692187,3.568675,14.486679,9.599416,2.980665,5.3144917,38.965103,48.768085,39.433372,89.33668,19.838905,12.075992,49.999474,58.26644,0.96927255,87.65986,248.42601,413.55618,373.98907,797.49896,52.217686,33.024086,68.11985,48.75126,103.548256,25.522581,326.2986,1186.5109,1266.1505,2435.4504
mAb16,2.5075567,7.8912435,19.77888,5.877217,1.2466269,4.9013047,42.828686,69.26874,36.43455,104.81816,23.996077,14.378725,62.568546,48.84004,7.275122,67.046394,236.51405,392.67926,353.84174,736.3681,32.12192,18.196331,140.73892,46.18265,70.047424,30.580715,340.47433,1133.9004,1207.7808,2312.7205
